civic_var_id	civic_gene_id	source	chromosome	start_position	reference_allele	alternative_allele
552	1	gDNA	chr2	29209816	C	G
551	1	gDNA	chr2	29213993	A	C
172	1	gDNA	chr2	29220734	G	T
171	1	gDNA	chr2	29220747	C	T
7	1	gDNA	chr2	29220765	G	T
528	1	gDNA	chr2	29220813	C	G
527	1	gDNA	chr2	29222347	A	G
588	1	gDNA	chr2	29222347	A	T
589	1	gDNA	chr2	29222347	A	C
6	1	gDNA	chr2	29222392	C	T
307	1	gDNA	chr2	29222404	A	C
173	1	gDNA	chr2	29222405	-	CGT
577	38	gDNA	chr4	54278380	C	T
517	4941	gDNA	chr6	117308899	A	G
518	4941	gDNA	chr6	117310213	C	G
516	4941	gDNA	chr6	117317202	G	T
3	4	gDNA	chr9	130862976	G	A
2	4	gDNA	chr9	130872896	C	T
241	4	gDNA	chr9	130872901	T	C
1233	4	gDNA	chr9	130874974	G	C
1152	4	gDNA	chr9	130880101	T	C
805	3985	gDNA	chr15	87933034	C	T
